2026-02-01T10:03:42.315783,Paul,Cole,Marauder|EZPZ|Benediction,
2026-02-01T10:13:03.164357,Paul,Cole,Marauder|EZPZ|Benediction,
2026-02-01T11:12:16.510290,Paul,Cole,Marauder|EZPZ|Benediction,
2026-02-01T13:29:12.296779,Paul,Cole,Marauder|EZPZ|Benediction,
2026-02-01T13:35:19.248709,Paul,Cole,Marauder|EZPZ|Benediction,
2026-02-01T14:15:36.345260,Paul,Cole,Marauder|EZPZ|Benediction,
2026-02-01T15:13:27.340726,Paul,Cole,Marauder|EZPZ|Benediction,
2026-02-01T16:14:47.849921,Paul,Cole,Marauder|EZPZ|Benediction,
2026-02-01T17:14:51.021570,Paul,Cole,Marauder|EZPZ|Benediction,
2026-02-01T18:18:11.488585,Paul,Cole,Marauder|EZPZ|Benediction,
2026-02-01T19:16:01.769253,Paul,Cole,Marauder|EZPZ|Benediction,
2026-02-01T20:12:16.479509,Paul,Cole,Marauder|EZPZ|Benediction,
2026-02-01T21:12:55.843619,Paul,Cole,Marauder|EZPZ|Benediction,
2026-02-01T22:11:43.198374,Paul,Cole,Marauder|EZPZ|Benediction,
2026-02-01T23:14:25.707855,Paul,Cole,Marauder|EZPZ|Benediction,
2026-02-02T01:01:27.782490,Paul,Cole,Marauder|EZPZ|Benediction,
2026-02-02T04:10:58.627239,Paul,Cole,Marauder|EZPZ|Benediction,
2026-02-02T05:55:46.074248,Paul,Cole,Marauder|EZPZ|Benediction,
2026-02-02T06:49:39.405247,Paul,Cole,Marauder|EZPZ|Benediction,
2026-02-02T07:42:13.272292,Paul,Cole,Marauder|EZPZ|Benediction,
2026-02-02T08:28:49.372444,Paul,Cole,Marauder|EZPZ|Benediction,
2026-02-02T09:34:38.018281,Paul,Cole,Marauder|EZPZ|Benediction,
2026-02-02T10:33:16.077765,Paul,Cole,Marauder|EZPZ|Benediction,
2026-02-02T11:27:52.813244,Paul,Cole,Marauder|EZPZ|Benediction,
2026-02-02T12:29:42.585063,Paul,Cole,Marauder|EZPZ|Benediction,
2026-02-02T13:53:37.853824,Paul,Cole,Marauder|EZPZ|Benediction,
2026-02-02T14:32:57.570879,Paul,Cole,Marauder|EZPZ|Benediction,
2026-02-02T15:27:51.771310,Paul,Cole,Marauder|EZPZ|Benediction,
2026-02-02T16:22:25.383878,Paul,Cole,Marauder|EZPZ|Benediction,
2026-02-02T17:29:06.063799,Paul,Cole,Marauder|EZPZ|Benediction,
2026-02-02T18:26:12.861621,Paul,Cole,Marauder|EZPZ|Benediction,
