2026-02-01T10:03:42.315783,Paul,Cole,Marauder|EZPZ|Benediction,
2026-02-01T10:13:03.164357,Paul,Cole,Marauder|EZPZ|Benediction,
2026-02-01T11:12:16.510290,Paul,Cole,Marauder|EZPZ|Benediction,
2026-02-01T13:29:12.296779,Paul,Cole,Marauder|EZPZ|Benediction,
2026-02-01T13:35:19.248709,Paul,Cole,Marauder|EZPZ|Benediction,
2026-02-01T14:15:36.345260,Paul,Cole,Marauder|EZPZ|Benediction,
2026-02-01T15:13:27.340726,Paul,Cole,Marauder|EZPZ|Benediction,
2026-02-01T16:14:47.849921,Paul,Cole,Marauder|EZPZ|Benediction,
2026-02-01T17:14:51.021570,Paul,Cole,Marauder|EZPZ|Benediction,
2026-02-01T18:18:11.488585,Paul,Cole,Marauder|EZPZ|Benediction,
2026-02-01T19:16:01.769253,Paul,Cole,Marauder|EZPZ|Benediction,
2026-02-01T20:12:16.479509,Paul,Cole,Marauder|EZPZ|Benediction,
2026-02-01T21:12:55.843619,Paul,Cole,Marauder|EZPZ|Benediction,
2026-02-01T22:11:43.198374,Paul,Cole,Marauder|EZPZ|Benediction,
2026-02-01T23:14:25.707855,Paul,Cole,Marauder|EZPZ|Benediction,
2026-02-02T01:01:27.782490,Paul,Cole,Marauder|EZPZ|Benediction,
2026-02-02T04:10:58.627239,Paul,Cole,Marauder|EZPZ|Benediction,
2026-02-02T05:55:46.074248,Paul,Cole,Marauder|EZPZ|Benediction,
2026-02-02T06:49:39.405247,Paul,Cole,Marauder|EZPZ|Benediction,
2026-02-02T07:42:13.272292,Paul,Cole,Marauder|EZPZ|Benediction,
2026-02-02T08:28:49.372444,Paul,Cole,Marauder|EZPZ|Benediction,
2026-02-02T09:34:38.018281,Paul,Cole,Marauder|EZPZ|Benediction,
2026-02-02T10:33:16.077765,Paul,Cole,Marauder|EZPZ|Benediction,
2026-02-02T11:27:52.813244,Paul,Cole,Marauder|EZPZ|Benediction,
2026-02-02T12:29:42.585063,Paul,Cole,Marauder|EZPZ|Benediction,
2026-02-02T13:53:37.853824,Paul,Cole,Marauder|EZPZ|Benediction,
2026-02-02T14:32:57.570879,Paul,Cole,Marauder|EZPZ|Benediction,
2026-02-02T15:27:51.771310,Paul,Cole,Marauder|EZPZ|Benediction,
2026-02-02T16:22:25.383878,Paul,Cole,Marauder|EZPZ|Benediction,
2026-02-02T17:29:06.063799,Paul,Cole,Marauder|EZPZ|Benediction,
2026-02-02T18:26:12.861621,Paul,Cole,Marauder|EZPZ|Benediction,
2026-02-03T08:56:00.740065,Paul,Cole,Marauder|EZPZ|Benediction,
2026-02-03T11:08:12.523028,Paul,Cole,Marauder|EZPZ|Benediction,
2026-02-03T14:33:35.637016,Paul,Cole,Marauder|EZPZ|Benediction,
2026-02-03T18:07:37.576867,Paul,Cole,Marauder|EZPZ|Benediction,
2026-02-03T20:05:59.187548,Paul,Cole,Marauder|EZPZ|Benediction,
2026-02-03T22:03:35.166954,Paul,Cole,Marauder|EZPZ|Benediction,
2026-02-03T23:54:50.015363,Paul,Cole,Marauder|EZPZ|Benediction,
2026-02-04T05:00:23.932378,Paul,Cole,Marauder|EZPZ|Benediction,
2026-02-04T07:35:11.734444,Diana,Finnegan,Huntress' Intuition|Mythological Ritual|Pet XP Buff|Sharing is Caring,
2026-02-04T10:10:19.070257,Diana,Finnegan,Huntress' Intuition|Mythological Ritual|Pet XP Buff|Sharing is Caring,
2026-02-04T11:59:20.369961,Diana,Finnegan,Huntress' Intuition|Mythological Ritual|Pet XP Buff|Sharing is Caring,
2026-02-04T14:32:08.153256,Diana,Finnegan,Huntress' Intuition|Mythological Ritual|Pet XP Buff|Sharing is Caring,
2026-02-04T17:34:21.657174,Diana,Finnegan,Huntress' Intuition|Mythological Ritual|Pet XP Buff|Sharing is Caring,
2026-02-04T19:54:30.382921,Diana,Finnegan,Huntress' Intuition|Mythological Ritual|Pet XP Buff|Sharing is Caring,
2026-02-04T21:05:49.436840,Diana,Finnegan,Huntress' Intuition|Mythological Ritual|Pet XP Buff|Sharing is Caring,
2026-02-04T22:56:48.616135,Diana,Finnegan,Huntress' Intuition|Mythological Ritual|Pet XP Buff|Sharing is Caring,
2026-02-04T23:55:08.154088,Diana,Finnegan,Huntress' Intuition|Mythological Ritual|Pet XP Buff|Sharing is Caring,
2026-02-05T05:09:47.569843,Diana,Finnegan,Huntress' Intuition|Mythological Ritual|Pet XP Buff|Sharing is Caring,
2026-02-05T08:01:59.225129,Diana,Finnegan,Huntress' Intuition|Mythological Ritual|Pet XP Buff|Sharing is Caring,
2026-02-05T11:10:45.324211,Diana,Finnegan,Huntress' Intuition|Mythological Ritual|Pet XP Buff|Sharing is Caring,
2026-02-05T14:34:30.270999,Diana,Finnegan,Huntress' Intuition|Mythological Ritual|Pet XP Buff|Sharing is Caring,
2026-02-05T17:35:55.376295,Diana,Finnegan,Huntress' Intuition|Mythological Ritual|Pet XP Buff|Sharing is Caring,
2026-02-05T19:52:16.063884,Diana,Finnegan,Huntress' Intuition|Mythological Ritual|Pet XP Buff|Sharing is Caring,
2026-02-05T21:04:46.814105,Diana,Finnegan,Huntress' Intuition|Mythological Ritual|Pet XP Buff|Sharing is Caring,
2026-02-05T22:59:44.470156,Diana,Finnegan,Huntress' Intuition|Mythological Ritual|Pet XP Buff|Sharing is Caring,
2026-02-05T23:52:24.448399,Diana,Finnegan,Huntress' Intuition|Mythological Ritual|Pet XP Buff|Sharing is Caring,
2026-02-06T05:07:19.343343,Diana,Finnegan,Huntress' Intuition|Mythological Ritual|Pet XP Buff|Sharing is Caring,
2026-02-06T08:00:00.673025,Diana,Finnegan,Huntress' Intuition|Mythological Ritual|Pet XP Buff|Sharing is Caring,
2026-02-06T10:09:07.562996,Diana,Finnegan,Huntress' Intuition|Mythological Ritual|Pet XP Buff|Sharing is Caring,
2026-02-06T11:59:08.994145,Diana,Finnegan,Huntress' Intuition|Mythological Ritual|Pet XP Buff|Sharing is Caring,
2026-02-06T14:29:20.314264,Diana,Finnegan,Huntress' Intuition|Mythological Ritual|Pet XP Buff|Sharing is Caring,
2026-02-06T17:28:10.123321,Diana,Finnegan,Huntress' Intuition|Mythological Ritual|Pet XP Buff|Sharing is Caring,
2026-02-06T19:51:18.534096,Diana,Finnegan,Huntress' Intuition|Mythological Ritual|Pet XP Buff|Sharing is Caring,
2026-02-06T21:03:38.803001,Diana,Finnegan,Huntress' Intuition|Mythological Ritual|Pet XP Buff|Sharing is Caring,
2026-02-06T22:53:07.877417,Diana,Finnegan,Huntress' Intuition|Mythological Ritual|Pet XP Buff|Sharing is Caring,
2026-02-06T23:53:25.270858,Diana,Finnegan,Huntress' Intuition|Mythological Ritual|Pet XP Buff|Sharing is Caring,
2026-02-07T04:54:13.716873,Diana,Finnegan,Huntress' Intuition|Mythological Ritual|Pet XP Buff|Sharing is Caring,
2026-02-07T07:10:35.488048,Diana,Finnegan,Huntress' Intuition|Mythological Ritual|Pet XP Buff|Sharing is Caring,
2026-02-07T09:01:14.556537,Diana,Finnegan,Huntress' Intuition|Mythological Ritual|Pet XP Buff|Sharing is Caring,
2026-02-07T10:56:31.665330,Diana,Finnegan,Huntress' Intuition|Mythological Ritual|Pet XP Buff|Sharing is Caring,
2026-02-07T11:42:59.535445,Diana,Finnegan,Huntress' Intuition|Mythological Ritual|Pet XP Buff|Sharing is Caring,
2026-02-07T13:55:35.108079,Diana,Finnegan,Huntress' Intuition|Mythological Ritual|Pet XP Buff|Sharing is Caring,
2026-02-07T14:56:25.442658,Diana,Finnegan,Huntress' Intuition|Mythological Ritual|Pet XP Buff|Sharing is Caring,
2026-02-07T15:51:15.940624,Diana,Finnegan,Huntress' Intuition|Mythological Ritual|Pet XP Buff|Sharing is Caring,
2026-02-07T17:01:53.473061,Diana,Finnegan,Huntress' Intuition|Mythological Ritual|Pet XP Buff|Sharing is Caring,
2026-02-07T19:05:20.073263,Diana,Finnegan,Huntress' Intuition|Mythological Ritual|Pet XP Buff|Sharing is Caring,
2026-02-07T20:56:32.620871,Diana,Finnegan,Huntress' Intuition|Mythological Ritual|Pet XP Buff|Sharing is Caring,
2026-02-07T21:53:18.028557,Diana,Finnegan,Huntress' Intuition|Mythological Ritual|Pet XP Buff|Sharing is Caring,
2026-02-07T23:00:06.333504,Diana,Finnegan,Huntress' Intuition|Mythological Ritual|Pet XP Buff|Sharing is Caring,
2026-02-08T00:01:33.222576,Diana,Finnegan,Huntress' Intuition|Mythological Ritual|Pet XP Buff|Sharing is Caring,
2026-02-08T05:45:49.080211,Diana,Finnegan,Huntress' Intuition|Mythological Ritual|Pet XP Buff|Sharing is Caring,
2026-02-08T07:51:55.198133,Diana,Finnegan,Huntress' Intuition|Mythological Ritual|Pet XP Buff|Sharing is Caring,
2026-02-08T09:02:12.693301,Diana,Finnegan,Huntress' Intuition|Mythological Ritual|Pet XP Buff|Sharing is Caring,
2026-02-08T10:59:20.921462,Diana,Finnegan,Huntress' Intuition|Mythological Ritual|Pet XP Buff|Sharing is Caring,
2026-02-08T11:46:13.798665,Diana,Finnegan,Huntress' Intuition|Mythological Ritual|Pet XP Buff|Sharing is Caring,
2026-02-08T13:58:07.095035,Diana,Finnegan,Huntress' Intuition|Mythological Ritual|Pet XP Buff|Sharing is Caring,
2026-02-08T14:58:56.376777,Diana,Finnegan,Huntress' Intuition|Mythological Ritual|Pet XP Buff|Sharing is Caring,
2026-02-08T15:54:03.590701,Diana,Finnegan,Huntress' Intuition|Mythological Ritual|Pet XP Buff|Sharing is Caring,
2026-02-08T17:01:36.422592,Diana,Finnegan,Huntress' Intuition|Mythological Ritual|Pet XP Buff|Sharing is Caring,
2026-02-08T19:15:51.506203,Diana,Finnegan,Huntress' Intuition|Mythological Ritual|Pet XP Buff|Sharing is Caring,
2026-02-08T20:56:59.289338,Diana,Finnegan,Huntress' Intuition|Mythological Ritual|Pet XP Buff|Sharing is Caring,
2026-02-08T21:54:48.169847,Diana,Finnegan,Huntress' Intuition|Mythological Ritual|Pet XP Buff|Sharing is Caring,
2026-02-08T23:00:53.634194,Diana,Finnegan,Huntress' Intuition|Mythological Ritual|Pet XP Buff|Sharing is Caring,
2026-02-09T05:46:18.778322,Diana,Finnegan,Huntress' Intuition|Mythological Ritual|Pet XP Buff|Sharing is Caring,
2026-02-09T08:07:18.076349,Diana,Finnegan,Huntress' Intuition|Mythological Ritual|Pet XP Buff|Sharing is Caring,
2026-02-09T11:36:15.841085,Marina,Cole,Fishing XP Buff|Luck of the Sea 2.0|Fishing Festival|Double Trouble,
2026-02-09T15:15:12.155523,Marina,Cole,Fishing XP Buff|Luck of the Sea 2.0|Fishing Festival|Double Trouble,
2026-02-09T18:38:23.494215,Marina,Cole,Fishing XP Buff|Luck of the Sea 2.0|Fishing Festival|Double Trouble,
2026-02-09T21:02:41.612616,Marina,Cole,Fishing XP Buff|Luck of the Sea 2.0|Fishing Festival|Double Trouble,
2026-02-09T23:55:24.666029,Marina,Cole,Fishing XP Buff|Luck of the Sea 2.0|Fishing Festival|Double Trouble,
2026-02-10T05:49:42.583262,Marina,Cole,Fishing XP Buff|Luck of the Sea 2.0|Fishing Festival|Double Trouble,
2026-02-10T08:08:56.812323,Marina,Cole,Fishing XP Buff|Luck of the Sea 2.0|Fishing Festival|Double Trouble,
2026-02-10T11:39:56.348914,Marina,Cole,Fishing XP Buff|Luck of the Sea 2.0|Fishing Festival|Double Trouble,
2026-02-10T15:48:24.253371,Marina,Cole,Fishing XP Buff|Luck of the Sea 2.0|Fishing Festival|Double Trouble,
2026-02-10T19:44:40.842568,Marina,Cole,Fishing XP Buff|Luck of the Sea 2.0|Fishing Festival|Double Trouble,
2026-02-10T22:06:49.092132,Marina,Cole,Fishing XP Buff|Luck of the Sea 2.0|Fishing Festival|Double Trouble,
2026-02-11T05:18:58.525612,Marina,Cole,Fishing XP Buff|Luck of the Sea 2.0|Fishing Festival|Double Trouble,
2026-02-11T08:05:42.448381,Marina,Cole,Fishing XP Buff|Luck of the Sea 2.0|Fishing Festival|Double Trouble,
2026-02-11T11:33:29.457477,Marina,Cole,Fishing XP Buff|Luck of the Sea 2.0|Fishing Festival|Double Trouble,
2026-02-11T15:16:50.863356,Marina,Cole,Fishing XP Buff|Luck of the Sea 2.0|Fishing Festival|Double Trouble,
2026-02-11T19:39:24.699873,Marina,Cole,Fishing XP Buff|Luck of the Sea 2.0|Fishing Festival|Double Trouble,
2026-02-11T21:51:52.324212,Marina,Cole,Fishing XP Buff|Luck of the Sea 2.0|Fishing Festival|Double Trouble,
2026-02-11T23:04:25.617177,Marina,Cole,Fishing XP Buff|Luck of the Sea 2.0|Fishing Festival|Double Trouble,
2026-02-12T05:19:05.342142,Marina,Cole,Fishing XP Buff|Luck of the Sea 2.0|Fishing Festival|Double Trouble,
2026-02-12T08:02:39.135847,Marina,Cole,Fishing XP Buff|Luck of the Sea 2.0|Fishing Festival|Double Trouble,
2026-02-12T11:28:29.663356,Marina,Cole,Fishing XP Buff|Luck of the Sea 2.0|Fishing Festival|Double Trouble,
2026-02-12T14:41:09.170463,Marina,Cole,Fishing XP Buff|Luck of the Sea 2.0|Fishing Festival|Double Trouble,
2026-02-12T18:08:38.545688,Marina,Cole,Fishing XP Buff|Luck of the Sea 2.0|Fishing Festival|Double Trouble,
2026-02-12T20:01:06.010012,Marina,Cole,Fishing XP Buff|Luck of the Sea 2.0|Fishing Festival|Double Trouble,
2026-02-12T22:01:40.907927,Marina,Cole,Fishing XP Buff|Luck of the Sea 2.0|Fishing Festival|Double Trouble,
2026-02-12T23:58:15.426355,Marina,Cole,Fishing XP Buff|Luck of the Sea 2.0|Fishing Festival|Double Trouble,
2026-02-13T05:14:31.823030,Marina,Cole,Fishing XP Buff|Luck of the Sea 2.0|Fishing Festival|Double Trouble,
2026-02-13T08:01:55.378403,Marina,Cole,Fishing XP Buff|Luck of the Sea 2.0|Fishing Festival|Double Trouble,
2026-02-13T11:09:56.663212,Marina,Cole,Fishing XP Buff|Luck of the Sea 2.0|Fishing Festival|Double Trouble,
2026-02-13T14:28:46.569307,Marina,Cole,Fishing XP Buff|Luck of the Sea 2.0|Fishing Festival|Double Trouble,
2026-02-13T17:30:09.046065,Marina,Cole,Fishing XP Buff|Luck of the Sea 2.0|Fishing Festival|Double Trouble,
2026-02-13T19:55:24.201432,Marina,Cole,Fishing XP Buff|Luck of the Sea 2.0|Fishing Festival|Double Trouble,
2026-02-13T21:53:55.189434,Marina,Cole,Fishing XP Buff|Luck of the Sea 2.0|Fishing Festival|Double Trouble,
2026-02-13T23:05:22.188536,Marina,Cole,Fishing XP Buff|Luck of the Sea 2.0|Fishing Festival|Double Trouble,
2026-02-14T05:00:20.701931,Marina,Cole,Fishing XP Buff|Luck of the Sea 2.0|Fishing Festival|Double Trouble,
2026-02-14T07:23:22.211801,Marina,Cole,Fishing XP Buff|Luck of the Sea 2.0|Fishing Festival|Double Trouble,
2026-02-14T09:02:40.943719,Marina,Cole,Fishing XP Buff|Luck of the Sea 2.0|Fishing Festival|Double Trouble,
2026-02-14T10:57:48.953043,Marina,Cole,Fishing XP Buff|Luck of the Sea 2.0|Fishing Festival|Double Trouble,
2026-02-14T11:45:02.892372,Marina,Cole,Fishing XP Buff|Luck of the Sea 2.0|Fishing Festival|Double Trouble,
2026-02-14T13:56:43.811388,Marina,Cole,Fishing XP Buff|Luck of the Sea 2.0|Fishing Festival|Double Trouble,
2026-02-14T14:57:28.583605,Marina,Cole,Fishing XP Buff|Luck of the Sea 2.0|Fishing Festival|Double Trouble,
2026-02-14T15:52:50.085436,Jerry,NONE,Perkpocalypse|Statspocalypse|Jerrypocalypse,
2026-02-14T17:01:13.795218,Jerry,NONE,Perkpocalypse|Statspocalypse|Jerrypocalypse,
2026-02-14T19:04:49.668498,Jerry,NONE,Perkpocalypse|Statspocalypse|Jerrypocalypse,
2026-02-14T20:54:38.612548,Jerry,NONE,Perkpocalypse|Statspocalypse|Jerrypocalypse,
2026-02-14T21:49:20.065145,Jerry,NONE,Perkpocalypse|Statspocalypse|Jerrypocalypse,
2026-02-14T22:54:42.579308,Jerry,NONE,Perkpocalypse|Statspocalypse|Jerrypocalypse,
2026-02-14T23:50:47.252362,Jerry,NONE,Perkpocalypse|Statspocalypse|Jerrypocalypse,
2026-02-15T05:12:49.197645,Jerry,NONE,Perkpocalypse|Statspocalypse|Jerrypocalypse,
2026-02-15T07:51:33.561051,Jerry,NONE,Perkpocalypse|Statspocalypse|Jerrypocalypse,
2026-02-15T09:03:04.750050,Jerry,NONE,Perkpocalypse|Statspocalypse|Jerrypocalypse,
2026-02-15T10:57:51.988720,Jerry,NONE,Perkpocalypse|Statspocalypse|Jerrypocalypse,
2026-02-15T11:46:18.256138,Jerry,NONE,Perkpocalypse|Statspocalypse|Jerrypocalypse,
2026-02-15T13:57:15.676630,Jerry,NONE,Perkpocalypse|Statspocalypse|Jerrypocalypse,
2026-02-15T14:58:52.210133,Jerry,NONE,Perkpocalypse|Statspocalypse|Jerrypocalypse,
2026-02-15T15:51:14.549703,Jerry,NONE,Perkpocalypse|Statspocalypse|Jerrypocalypse,
2026-02-15T17:00:49.680863,Jerry,NONE,Perkpocalypse|Statspocalypse|Jerrypocalypse,
2026-02-15T19:06:09.663529,Jerry,NONE,Perkpocalypse|Statspocalypse|Jerrypocalypse,
2026-02-15T20:55:57.109053,Jerry,NONE,Perkpocalypse|Statspocalypse|Jerrypocalypse,
2026-02-15T21:49:50.892708,Jerry,NONE,Perkpocalypse|Statspocalypse|Jerrypocalypse,
2026-02-15T22:57:02.048949,Jerry,NONE,Perkpocalypse|Statspocalypse|Jerrypocalypse,
2026-02-15T23:55:06.547862,Jerry,NONE,Perkpocalypse|Statspocalypse|Jerrypocalypse,
2026-02-16T05:24:41.345259,Jerry,NONE,Perkpocalypse|Statspocalypse|Jerrypocalypse,
2026-02-16T08:05:22.866111,Jerry,NONE,Perkpocalypse|Statspocalypse|Jerrypocalypse,
2026-02-16T11:28:07.318819,Jerry,NONE,Perkpocalypse|Statspocalypse|Jerrypocalypse,
2026-02-16T14:32:47.760928,Jerry,NONE,Perkpocalypse|Statspocalypse|Jerrypocalypse,
2026-02-16T17:25:08.882926,Jerry,NONE,Perkpocalypse|Statspocalypse|Jerrypocalypse,
2026-02-16T19:46:22.211556,Jerry,NONE,Perkpocalypse|Statspocalypse|Jerrypocalypse,
2026-02-16T21:00:50.001550,Jerry,NONE,Perkpocalypse|Statspocalypse|Jerrypocalypse,
2026-02-16T23:02:02.327906,Jerry,NONE,Perkpocalypse|Statspocalypse|Jerrypocalypse,
2026-02-17T05:14:29.816080,Jerry,NONE,Perkpocalypse|Statspocalypse|Jerrypocalypse,
2026-02-17T08:03:59.769001,Jerry,NONE,Perkpocalypse|Statspocalypse|Jerrypocalypse,
2026-02-17T11:27:43.883843,Jerry,NONE,Perkpocalypse|Statspocalypse|Jerrypocalypse,
2026-02-17T14:37:06.102188,Jerry,NONE,Perkpocalypse|Statspocalypse|Jerrypocalypse,
2026-02-17T18:06:59.224826,Jerry,NONE,Perkpocalypse|Statspocalypse|Jerrypocalypse,
2026-02-17T21:00:22.789831,Jerry,NONE,Perkpocalypse|Statspocalypse|Jerrypocalypse,
2026-02-17T22:00:46.451195,Jerry,NONE,Perkpocalypse|Statspocalypse|Jerrypocalypse,
2026-02-17T23:58:11.293834,Jerry,NONE,Perkpocalypse|Statspocalypse|Jerrypocalypse,
2026-02-18T05:16:47.066564,Jerry,NONE,Perkpocalypse|Statspocalypse|Jerrypocalypse,
2026-02-18T08:02:36.062949,Jerry,NONE,Perkpocalypse|Statspocalypse|Jerrypocalypse,
2026-02-18T11:26:19.984689,Jerry,NONE,Perkpocalypse|Statspocalypse|Jerrypocalypse,
2026-02-18T14:36:18.747754,Jerry,NONE,Perkpocalypse|Statspocalypse|Jerrypocalypse,
2026-02-18T17:59:09.089578,Jerry,NONE,Perkpocalypse|Statspocalypse|Jerrypocalypse,
2026-02-18T20:01:28.239222,Jerry,NONE,Perkpocalypse|Statspocalypse|Jerrypocalypse,
2026-02-18T22:03:24.675246,Jerry,NONE,Perkpocalypse|Statspocalypse|Jerrypocalypse,
2026-02-18T23:57:41.200624,Jerry,NONE,Perkpocalypse|Statspocalypse|Jerrypocalypse,
2026-02-19T05:14:46.410395,Jerry,NONE,Perkpocalypse|Statspocalypse|Jerrypocalypse,
2026-02-19T08:02:23.006187,Jerry,NONE,Perkpocalypse|Statspocalypse|Jerrypocalypse,
2026-02-19T11:26:24.268324,Jerry,NONE,Perkpocalypse|Statspocalypse|Jerrypocalypse,
2026-02-19T14:38:53.826527,Jerry,NONE,Perkpocalypse|Statspocalypse|Jerrypocalypse,
2026-02-19T18:00:53.464888,Jerry,NONE,Perkpocalypse|Statspocalypse|Jerrypocalypse,
2026-02-19T20:03:02.147812,Cole,Diaz,Prospection|Mining XP Buff|Mining Fiesta|Molten Forge,
2026-02-19T22:00:38.235115,Cole,Diaz,Prospection|Mining XP Buff|Mining Fiesta|Molten Forge,
2026-02-19T23:57:33.630899,Cole,Diaz,Prospection|Mining XP Buff|Mining Fiesta|Molten Forge,
2026-02-20T05:08:43.877093,Cole,Diaz,Prospection|Mining XP Buff|Mining Fiesta|Molten Forge,
2026-02-20T08:00:24.838432,Cole,Diaz,Prospection|Mining XP Buff|Mining Fiesta|Molten Forge,
2026-02-20T10:05:00.321043,Cole,Diaz,Prospection|Mining XP Buff|Mining Fiesta|Molten Forge,
2026-02-20T11:58:58.009434,Cole,Diaz,Prospection|Mining XP Buff|Mining Fiesta|Molten Forge,
2026-02-20T14:27:08.889536,Cole,Diaz,Prospection|Mining XP Buff|Mining Fiesta|Molten Forge,
2026-02-20T17:07:41.043033,Cole,Diaz,Prospection|Mining XP Buff|Mining Fiesta|Molten Forge,
2026-02-20T19:49:13.942315,Cole,Diaz,Prospection|Mining XP Buff|Mining Fiesta|Molten Forge,
2026-02-20T20:57:47.032965,Cole,Diaz,Prospection|Mining XP Buff|Mining Fiesta|Molten Forge,
2026-02-20T21:52:33.372571,Cole,Diaz,Prospection|Mining XP Buff|Mining Fiesta|Molten Forge,
2026-02-20T23:00:53.881453,Cole,Diaz,Prospection|Mining XP Buff|Mining Fiesta|Molten Forge,
2026-02-21T04:52:50.328404,Cole,Diaz,Prospection|Mining XP Buff|Mining Fiesta|Molten Forge,
2026-02-21T07:07:41.850777,Cole,Diaz,Prospection|Mining XP Buff|Mining Fiesta|Molten Forge,
2026-02-21T09:00:56.225191,Cole,Diaz,Prospection|Mining XP Buff|Mining Fiesta|Molten Forge,
2026-02-21T10:56:03.144727,Cole,Diaz,Prospection|Mining XP Buff|Mining Fiesta|Molten Forge,
2026-02-21T11:42:50.697490,Cole,Diaz,Prospection|Mining XP Buff|Mining Fiesta|Molten Forge,
2026-02-21T13:54:22.408334,Cole,Diaz,Prospection|Mining XP Buff|Mining Fiesta|Molten Forge,
2026-02-21T14:55:59.368355,Cole,Diaz,Prospection|Mining XP Buff|Mining Fiesta|Molten Forge,
2026-02-21T15:50:28.210291,Cole,Diaz,Prospection|Mining XP Buff|Mining Fiesta|Molten Forge,
2026-02-21T16:59:37.214920,Cole,Diaz,Prospection|Mining XP Buff|Mining Fiesta|Molten Forge,
2026-02-21T17:54:37.204172,Cole,Diaz,Prospection|Mining XP Buff|Mining Fiesta|Molten Forge,
2026-02-21T19:04:41.836816,Cole,Diaz,Prospection|Mining XP Buff|Mining Fiesta|Molten Forge,
2026-02-21T20:51:21.876813,Cole,Diaz,Prospection|Mining XP Buff|Mining Fiesta|Molten Forge,
2026-02-21T21:46:39.114037,Cole,Diaz,Prospection|Mining XP Buff|Mining Fiesta|Molten Forge,
2026-02-21T22:54:34.989414,Cole,Diaz,Prospection|Mining XP Buff|Mining Fiesta|Molten Forge,
2026-02-21T23:47:49.991533,Cole,Diaz,Prospection|Mining XP Buff|Mining Fiesta|Molten Forge,
2026-02-22T05:11:45.029275,Cole,Diaz,Prospection|Mining XP Buff|Mining Fiesta|Molten Forge,
2026-02-22T07:51:44.451739,Cole,Diaz,Prospection|Mining XP Buff|Mining Fiesta|Molten Forge,
2026-02-22T09:01:46.855096,Cole,Diaz,Prospection|Mining XP Buff|Mining Fiesta|Molten Forge,
2026-02-22T10:55:28.448197,Cole,Diaz,Prospection|Mining XP Buff|Mining Fiesta|Molten Forge,
2026-02-22T11:42:08.308446,Cole,Diaz,Prospection|Mining XP Buff|Mining Fiesta|Molten Forge,
2026-02-22T13:55:14.081716,Cole,Diaz,Prospection|Mining XP Buff|Mining Fiesta|Molten Forge,
2026-02-22T14:57:31.900085,Cole,Diaz,Prospection|Mining XP Buff|Mining Fiesta|Molten Forge,
2026-02-22T15:52:14.780278,Cole,Diaz,Prospection|Mining XP Buff|Mining Fiesta|Molten Forge,
2026-02-22T17:00:34.309635,Cole,Diaz,Prospection|Mining XP Buff|Mining Fiesta|Molten Forge,
2026-02-22T17:54:21.621306,Cole,Diaz,Prospection|Mining XP Buff|Mining Fiesta|Molten Forge,
2026-02-22T19:05:15.935588,Cole,Diaz,Prospection|Mining XP Buff|Mining Fiesta|Molten Forge,
2026-02-22T20:55:37.482697,Cole,Diaz,Prospection|Mining XP Buff|Mining Fiesta|Molten Forge,
2026-02-22T21:50:54.545945,Cole,Diaz,Prospection|Mining XP Buff|Mining Fiesta|Molten Forge,
2026-02-22T22:57:06.143802,Cole,Diaz,Prospection|Mining XP Buff|Mining Fiesta|Molten Forge,
2026-02-22T23:52:54.467809,Cole,Diaz,Prospection|Mining XP Buff|Mining Fiesta|Molten Forge,
2026-02-23T05:20:44.557589,Cole,Diaz,Prospection|Mining XP Buff|Mining Fiesta|Molten Forge,
2026-02-23T08:06:15.194347,Cole,Diaz,Prospection|Mining XP Buff|Mining Fiesta|Molten Forge,
2026-02-23T11:27:29.171509,Cole,Diaz,Prospection|Mining XP Buff|Mining Fiesta|Molten Forge,
2026-02-23T14:37:48.678543,Cole,Diaz,Prospection|Mining XP Buff|Mining Fiesta|Molten Forge,
2026-02-23T18:14:41.334656,Cole,Diaz,Prospection|Mining XP Buff|Mining Fiesta|Molten Forge,
2026-02-23T21:30:27.167389,Cole,Diaz,Prospection|Mining XP Buff|Mining Fiesta|Molten Forge,
2026-02-23T23:47:34.975679,Cole,Diaz,Prospection|Mining XP Buff|Mining Fiesta|Molten Forge,
2026-02-24T05:14:23.866942,Cole,Diaz,Prospection|Mining XP Buff|Mining Fiesta|Molten Forge,
2026-02-24T08:04:48.498185,Cole,Diaz,Prospection|Mining XP Buff|Mining Fiesta|Molten Forge,
2026-02-24T11:27:59.165646,Cole,Diaz,Prospection|Mining XP Buff|Mining Fiesta|Molten Forge,
2026-02-24T15:11:04.774524,Cole,Diaz,Prospection|Mining XP Buff|Mining Fiesta|Molten Forge,
2026-02-24T19:31:59.908956,Cole,Diaz,Prospection|Mining XP Buff|Mining Fiesta|Molten Forge,
2026-02-24T21:52:43.069792,Cole,Diaz,Prospection|Mining XP Buff|Mining Fiesta|Molten Forge,
2026-02-24T23:04:43.204746,Cole,Diaz,Prospection|Mining XP Buff|Mining Fiesta|Molten Forge,
2026-02-25T05:16:44.280924,Finnegan,Aatrox,Pest Eradicator|GOATed|Pelt-pocalypse|Blooming Business,
2026-02-25T08:06:34.451899,Finnegan,Aatrox,Pest Eradicator|GOATed|Pelt-pocalypse|Blooming Business,
2026-02-25T11:28:21.722478,Finnegan,Aatrox,Pest Eradicator|GOATed|Pelt-pocalypse|Blooming Business,
2026-02-25T14:44:52.073864,Finnegan,Aatrox,Pest Eradicator|GOATed|Pelt-pocalypse|Blooming Business,
2026-02-25T18:16:02.050125,Finnegan,Aatrox,Pest Eradicator|GOATed|Pelt-pocalypse|Blooming Business,
2026-02-25T20:05:21.113370,Finnegan,Aatrox,Pest Eradicator|GOATed|Pelt-pocalypse|Blooming Business,
2026-02-25T22:01:04.785776,Finnegan,Aatrox,Pest Eradicator|GOATed|Pelt-pocalypse|Blooming Business,
2026-02-25T23:57:23.922377,Finnegan,Aatrox,Pest Eradicator|GOATed|Pelt-pocalypse|Blooming Business,
2026-02-26T05:12:11.453737,Finnegan,Aatrox,Pest Eradicator|GOATed|Pelt-pocalypse|Blooming Business,
2026-02-26T08:03:34.554811,Finnegan,Aatrox,Pest Eradicator|GOATed|Pelt-pocalypse|Blooming Business,
2026-02-26T11:27:51.485157,Finnegan,Aatrox,Pest Eradicator|GOATed|Pelt-pocalypse|Blooming Business,
2026-02-26T14:39:59.082784,Finnegan,Aatrox,Pest Eradicator|GOATed|Pelt-pocalypse|Blooming Business,
